symbol,strategy,seed,pnl_ngn,final_inv_lots,max_abs_inv_lots,inv_std_lots,fill_events,filled_shares,buy_shares,sell_shares,quotes_posted,engine_trades,market_orders,reconciled
GTCO,baseline,1,1.1205e+06,27.906,31.3656,9.97398,1107,6.83248e+06,3.55577e+06,3.27671e+06,6240,2851,2275,1
GTCO,avellaneda_stoikov,1,2.36877e+06,2.2304,8.8578,2.17123,1751,1.08274e+07,5.42487e+06,5.40257e+06,6240,3077,2275,1
GTCO,baseline,2,1.05818e+06,3.8869,14.9207,4.17025,1076,6.52608e+06,3.28248e+06,3.24361e+06,6240,2836,2322,1
GTCO,avellaneda_stoikov,2,2.55752e+06,-8.2985,13.7505,2.86285,1807,1.09475e+07,5.43225e+06,5.51524e+06,6240,3102,2322,1
GTCO,baseline,3,1.17783e+06,-13.9111,14.9111,3.13242,1139,6.85349e+06,3.35719e+06,3.4963e+06,6240,2886,2339,1
GTCO,avellaneda_stoikov,3,2.56205e+06,0.6174,11.8713,2.21854,1812,1.09796e+07,5.49291e+06,5.48674e+06,6240,3127,2339,1
GTCO,baseline,4,1.65992e+06,13.1182,22.8984,5.45413,1096,6.65831e+06,3.39475e+06,3.26357e+06,6240,2846,2313,1
GTCO,avellaneda_stoikov,4,2.26356e+06,-5.188,8.0488,1.94406,1765,1.06002e+07,5.27417e+06,5.32605e+06,6240,3063,2313,1
GTCO,baseline,5,1.29408e+06,-6.1632,15.002,5.12061,1096,6.87618e+06,3.40728e+06,3.46891e+06,6240,2873,2281,1
GTCO,avellaneda_stoikov,5,2.46988e+06,-3.6827,9.243,2.07816,1731,1.07292e+07,5.34617e+06,5.383e+06,6240,3059,2281,1
GTCO,baseline,6,913696,-13.4242,17.0595,5.97516,1108,6.88151e+06,3.37363e+06,3.50788e+06,6240,2862,2318,1
GTCO,avellaneda_stoikov,6,2.60402e+06,4.0647,7.706,1.71656,1830,1.12978e+07,5.66924e+06,5.6286e+06,6240,3120,2318,1
GTCO,baseline,7,1.30191e+06,-7.1716,9.9626,3.73057,1087,6.63565e+06,3.28197e+06,3.35368e+06,6240,2832,2303,1
GTCO,avellaneda_stoikov,7,2.50064e+06,12.3663,13.3663,2.33331,1786,1.09613e+07,5.5425e+06,5.41884e+06,6240,3086,2303,1
GTCO,baseline,8,754623,-23.294,24.294,5.56859,1067,6.33194e+06,3.0495e+06,3.28244e+06,6240,2745,2246,1
GTCO,avellaneda_stoikov,8,2.13618e+06,-15.9433,16.9433,2.64959,1742,1.0277e+07,5.05881e+06,5.21824e+06,6240,2952,2246,1
GTCO,baseline,9,1.13386e+06,9.0711,9.6799,2.76118,1067,6.64469e+06,3.3677e+06,3.27699e+06,6240,2844,2305,1
GTCO,avellaneda_stoikov,9,2.47724e+06,3.8023,4.7162,1.37096,1787,1.0883e+07,5.46051e+06,5.42249e+06,6240,3088,2305,1
GTCO,baseline,10,1.87063e+06,-16.059,25.9254,6.94508,1055,6.50327e+06,3.17134e+06,3.33193e+06,6240,2785,2234,1
GTCO,avellaneda_stoikov,10,2.29977e+06,-9.965,10.965,2.36914,1728,1.05302e+07,5.21525e+06,5.3149e+06,6240,3005,2234,1
GTCO,baseline,11,848809,1.7217,12.7343,4.95781,1090,6.51123e+06,3.26422e+06,3.24700e+06,6240,2846,2300,1
GTCO,avellaneda_stoikov,11,2.60422e+06,-5.5026,10.008,2.36515,1802,1.10428e+07,5.49391e+06,5.54893e+06,6240,3117,2300,1
GTCO,baseline,12,1.13718e+06,-4.1426,13.1855,3.5788,1140,6.7405e+06,3.34954e+06,3.39096e+06,6240,2885,2354,1
GTCO,avellaneda_stoikov,12,2.68362e+06,-1.0212,9.9299,2.02998,1862,1.10578e+07,5.5238e+06,5.53401e+06,6240,3135,2354,1
GTCO,baseline,13,1.40018e+06,12.7616,17.1826,4.84015,1089,6.71042e+06,3.41902e+06,3.2914e+06,6240,2857,2312,1
GTCO,avellaneda_stoikov,13,2.63856e+06,10.3185,13.9303,2.90426,1802,1.09901e+07,5.54663e+06,5.44345e+06,6240,3114,2312,1
GTCO,baseline,14,1.70286e+06,-15.2365,20.3424,5.3738,1098,6.55935e+06,3.20349e+06,3.35586e+06,6240,2818,2301,1
GTCO,avellaneda_stoikov,14,2.49908e+06,4.1958,11.3123,2.43589,1769,1.04457e+07,5.24384e+06,5.20188e+06,6240,3039,2301,1
GTCO,baseline,15,1.65903e+06,25.1021,36.6543,11.1462,1126,6.79052e+06,3.52077e+06,3.26975e+06,6240,2919,2374,1
GTCO,avellaneda_stoikov,15,2.62322e+06,15.9264,15.9528,3.54547,1825,1.09579e+07,5.55859e+06,5.39933e+06,6240,3151,2374,1
GTCO,baseline,16,1.43967e+06,-8.7194,12.6155,4.65226,1105,6.79884e+06,3.35582e+06,3.44302e+06,6240,2841,2293,1
GTCO,avellaneda_stoikov,16,2.43008e+06,7.2561,8.4729,2.13507,1806,1.10577e+07,5.56515e+06,5.49258e+06,6240,3084,2293,1
GTCO,baseline,17,1.63652e+06,-6.781,15.061,4.91109,1101,6.92152e+06,3.42685e+06,3.49466e+06,6240,2851,2257,1
GTCO,avellaneda_stoikov,17,2.53985e+06,4.2971,9.6364,1.93642,1760,1.1042e+07,5.54248e+06,5.49950e+06,6240,3080,2257,1
GTCO,baseline,18,1.73036e+06,24.1697,26.7188,7.94854,1073,6.58156e+06,3.41163e+06,3.16993e+06,6240,2856,2329,1
GTCO,avellaneda_stoikov,18,2.63199e+06,7.5081,11.5761,3.10724,1754,1.08246e+07,5.44982e+06,5.37474e+06,6240,3079,2329,1
GTCO,baseline,19,1.36265e+06,-8.5865,8.8569,3.51041,1172,7.16718e+06,3.54066e+06,3.62652e+06,6240,2937,2360,1
GTCO,avellaneda_stoikov,19,2.66452e+06,-10.9718,11.1836,2.27282,1882,1.15051e+07,5.69771e+06,5.80743e+06,6240,3190,2360,1
GTCO,baseline,20,1.11242e+06,-2.8411,9.4058,3.3033,1102,6.57451e+06,3.27305e+06,3.30146e+06,6240,2901,2360,1
GTCO,avellaneda_stoikov,20,2.36298e+06,-4.5803,8.6931,1.98435,1802,1.06142e+07,5.2842e+06,5.33001e+06,6240,3108,2360,1
GTCO,baseline,21,996516,18.3156,24.9231,6.18653,1070,6.58512e+06,3.38414e+06,3.20098e+06,6240,2885,2318,1
GTCO,avellaneda_stoikov,21,2.26344e+06,8.0652,14.7226,3.1615,1728,1.08728e+07,5.47674e+06,5.39609e+06,6240,3130,2318,1
GTCO,baseline,22,1.0255e+06,-17.3987,23.2177,5.04796,1107,6.81214e+06,3.31908e+06,3.49306e+06,6240,2908,2325,1
GTCO,avellaneda_stoikov,22,2.56611e+06,-4.2342,16.4542,3.3322,1758,1.10653e+07,5.51147e+06,5.55382e+06,6240,3162,2325,1
GTCO,baseline,23,602508,5.8534,16.881,7.36099,1097,6.54017e+06,3.29935e+06,3.24082e+06,6240,2879,2350,1
GTCO,avellaneda_stoikov,23,2.51076e+06,-0.662,14.684,3.12772,1811,1.08381e+07,5.41576e+06,5.42238e+06,6240,3111,2350,1
GTCO,baseline,24,264751,24.3852,30.4566,9.42832,1034,6.60384e+06,3.42385e+06,3.17999e+06,6240,2755,2221,1
GTCO,avellaneda_stoikov,24,2.42697e+06,-3.5371,6.5171,1.66418,1738,1.08664e+07,5.41554e+06,5.45091e+06,6240,3001,2221,1
GTCO,baseline,25,1.35822e+06,-20.9837,21.4479,8.32904,1058,6.48567e+06,3.13792e+06,3.34776e+06,6240,2847,2319,1
GTCO,avellaneda_stoikov,25,2.4362e+06,7.4141,8.6019,2.50088,1743,1.07593e+07,5.41673e+06,5.34259e+06,6240,3081,2319,1
GTCO,baseline,26,1.01914e+06,10.9727,18.5965,7.52325,1066,6.54094e+06,3.32534e+06,3.21561e+06,6240,2819,2301,1
GTCO,avellaneda_stoikov,26,2.47093e+06,-8.2563,9.9362,1.97053,1767,1.06783e+07,5.29785e+06,5.38041e+06,6240,3051,2301,1
GTCO,baseline,27,1.25647e+06,-3.4095,10.2729,3.40742,1045,6.40962e+06,3.18776e+06,3.22186e+06,6240,2750,2217,1
GTCO,avellaneda_stoikov,27,2.45269e+06,10.8432,12.5191,2.81654,1687,1.04515e+07,5.27998e+06,5.17155e+06,6240,2990,2217,1
GTCO,baseline,28,1.90196e+06,-19.2146,26.7212,6.84448,1113,6.74345e+06,3.27565e+06,3.4678e+06,6240,2898,2356,1
GTCO,avellaneda_stoikov,28,2.32145e+06,-10.3376,10.5811,2.15716,1778,1.08583e+07,5.37745e+06,5.48082e+06,6240,3136,2356,1
GTCO,baseline,29,983144,6.6979,21.1633,5.19453,1087,6.60908e+06,3.33803e+06,3.27105e+06,6240,2795,2256,1
GTCO,avellaneda_stoikov,29,2.44655e+06,-20.4112,21.9537,3.76583,1766,1.06927e+07,5.24431e+06,5.44842e+06,6240,3031,2256,1
GTCO,baseline,30,852191,-1.3704,23.3852,8.12668,1079,6.56966e+06,3.27798e+06,3.29168e+06,6240,2832,2308,1
GTCO,avellaneda_stoikov,30,2.70294e+06,8.8527,12.9701,2.68873,1807,1.09408e+07,5.51466e+06,5.42613e+06,6240,3086,2308,1
GTCO,baseline,31,1.68684e+06,23.343,29.3594,7.42215,1151,7.07375e+06,3.65359e+06,3.42016e+06,6240,2933,2354,1
GTCO,avellaneda_stoikov,31,2.6206e+06,1.6756,7.7751,1.85174,1859,1.11413e+07,5.57901e+06,5.56226e+06,6240,3156,2354,1
GTCO,baseline,32,1.25889e+06,-21.1436,22.4337,7.03548,1060,6.39022e+06,3.08939e+06,3.30083e+06,6240,2873,2336,1
GTCO,avellaneda_stoikov,32,2.38609e+06,-0.871,5.9175,1.57598,1774,1.06655e+07,5.3284e+06,5.33711e+06,6240,3102,2336,1
GTCO,baseline,33,986593,5.2282,12.8666,4.90541,1046,6.46331e+06,3.2578e+06,3.20551e+06,6240,2861,2323,1
GTCO,avellaneda_stoikov,33,2.57403e+06,-7.9747,10.0606,2.52946,1788,1.11112e+07,5.51573e+06,5.59548e+06,6240,3109,2323,1
GTCO,baseline,34,1.24043e+06,-11.9421,13.9345,6.96771,1108,6.72183e+06,3.30120e+06,3.42063e+06,6240,2935,2373,1
GTCO,avellaneda_stoikov,34,2.47318e+06,12.6631,12.6631,2.50422,1774,1.08178e+07,5.47223e+06,5.3456e+06,6240,3161,2373,1
GTCO,baseline,35,1.26563e+06,0.3821,9.0245,3.37725,1023,6.39303e+06,3.19842e+06,3.1946e+06,6240,2760,2229,1
GTCO,avellaneda_stoikov,35,2.40354e+06,-4.0615,9.4715,1.99657,1687,1.04789e+07,5.21915e+06,5.25977e+06,6240,2989,2229,1
GTCO,baseline,36,1.072e+06,18.5395,25.8276,5.93782,1072,6.46358e+06,3.32449e+06,3.13909e+06,6240,2826,2276,1
GTCO,avellaneda_stoikov,36,2.29851e+06,6.4871,9.5669,2.19094,1714,1.04442e+07,5.25456e+06,5.18969e+06,6240,3040,2276,1
GTCO,baseline,37,1.21292e+06,9.0491,20.6903,4.58844,1061,6.50339e+06,3.29694e+06,3.20645e+06,6240,2832,2308,1
GTCO,avellaneda_stoikov,37,2.65188e+06,26.234,27.2782,4.29672,1775,1.07154e+07,5.48887e+06,5.22653e+06,6240,3048,2308,1
GTCO,baseline,38,906814,8.5203,16.7828,5.39382,1095,6.39773e+06,3.24146e+06,3.15626e+06,6240,2850,2305,1
GTCO,avellaneda_stoikov,38,2.37092e+06,2.2451,6.4965,1.64672,1760,1.05788e+07,5.3006e+06,5.27815e+06,6240,3088,2305,1
GTCO,baseline,39,1.42046e+06,10.9903,13.731,3.33575,1055,6.53399e+06,3.32195e+06,3.21204e+06,6240,2773,2241,1
GTCO,avellaneda_stoikov,39,2.47381e+06,0.2043,7.4648,1.78738,1761,1.07965e+07,5.39927e+06,5.39723e+06,6240,3007,2241,1
GTCO,baseline,40,1.12302e+06,19.1891,26.9931,7.34257,1072,6.47652e+06,3.3342e+06,3.14231e+06,6240,2818,2252,1
GTCO,avellaneda_stoikov,40,2.52428e+06,-8.6645,13.9248,2.5577,1754,1.07231e+07,5.31824e+06,5.40488e+06,6240,3049,2252,1
GTCO,baseline,41,914364,0.722,13.0172,4.50126,1060,6.67167e+06,3.33945e+06,3.33223e+06,6240,2783,2220,1
GTCO,avellaneda_stoikov,41,2.51698e+06,1.4074,11.9989,2.87553,1733,1.07306e+07,5.37232e+06,5.35824e+06,6240,3010,2220,1
GTCO,baseline,42,1.26842e+06,-9.8054,12.8745,3.42449,1085,6.94434e+06,3.42314e+06,3.5212e+06,6240,2954,2377,1
GTCO,avellaneda_stoikov,42,2.68289e+06,-2.637,11.4302,2.2152,1835,1.13896e+07,5.68161e+06,5.70798e+06,6240,3191,2377,1
GTCO,baseline,43,388594,27.2941,30.0018,7.65541,1141,6.68865e+06,3.48079e+06,3.20785e+06,6240,2917,2370,1
GTCO,avellaneda_stoikov,43,2.51443e+06,-14.8916,14.8916,2.77505,1832,1.08713e+07,5.36117e+06,5.51009e+06,6240,3155,2370,1
GTCO,baseline,44,1.07959e+06,3.2943,21.6286,5.49983,1020,6.12625e+06,3.0796e+06,3.04665e+06,6240,2725,2205,1
GTCO,avellaneda_stoikov,44,2.22139e+06,3.6458,8.7346,1.72613,1690,1.00876e+07,5.06201e+06,5.02555e+06,6240,2934,2205,1
GTCO,baseline,45,1.23058e+06,4.698,7.2174,2.65837,1082,6.58735e+06,3.31716e+06,3.27018e+06,6240,2767,2241,1
GTCO,avellaneda_stoikov,45,2.47826e+06,3.5869,9.99,2.16887,1740,1.04798e+07,5.25783e+06,5.22196e+06,6240,2972,2241,1
GTCO,baseline,46,1.11768e+06,11.9753,19.0641,3.40278,1097,6.40561e+06,3.26268e+06,3.14293e+06,6240,2878,2323,1
GTCO,avellaneda_stoikov,46,2.50412e+06,-2.0439,7.9721,1.69956,1755,1.05102e+07,5.24488e+06,5.26532e+06,6240,3108,2323,1
GTCO,baseline,47,1.29375e+06,-2.5192,18.215,4.80383,1109,6.88754e+06,3.43117e+06,3.45636e+06,6240,2884,2320,1
GTCO,avellaneda_stoikov,47,2.56991e+06,-6.0664,8.9414,2.06488,1780,1.10296e+07,5.48446e+06,5.54512e+06,6240,3125,2320,1
GTCO,baseline,48,2.23179e+06,-10.8617,22.6563,5.16733,1101,6.72055e+06,3.30597e+06,3.41458e+06,6240,2935,2394,1
GTCO,avellaneda_stoikov,48,2.326e+06,-4.493,9.1286,2.32149,1811,1.1005e+07,5.48002e+06,5.52495e+06,6240,3177,2394,1
GTCO,baseline,49,1.69837e+06,24.6968,31.1643,10.122,1118,6.82516e+06,3.53606e+06,3.2891e+06,6240,2900,2353,1
GTCO,avellaneda_stoikov,49,2.52582e+06,5.7768,9.819,2.09132,1868,1.12951e+07,5.67645e+06,5.61868e+06,6240,3153,2353,1
GTCO,baseline,50,1.21046e+06,-0.9233,16.2182,4.42587,1135,6.98374e+06,3.48726e+06,3.49649e+06,6240,2997,2407,1
GTCO,avellaneda_stoikov,50,2.70472e+06,-2.4139,9.1064,2.10889,1864,1.1639e+07,5.80742e+06,5.83156e+06,6240,3278,2407,1
OANDO,baseline,1,195300,0.1164,8.0869,2.34956,384,2.50676e+06,1.25396e+06,1.2528e+06,6240,896,719,1
OANDO,avellaneda_stoikov,1,288553,3.2701,5.6145,1.39136,580,3.71356e+06,1.87313e+06,1.84043e+06,6240,955,719,1
OANDO,baseline,2,148070,6.0844,7.7442,2.42013,381,2.33586e+06,1.19835e+06,1.13751e+06,6240,894,728,1
OANDO,avellaneda_stoikov,2,284684,-3.1697,9.8419,2.44164,595,3.60271e+06,1.78551e+06,1.8172e+06,6240,952,728,1
OANDO,baseline,3,162310,2.3508,8.6108,2.47696,360,2.14057e+06,1.08204e+06,1.05853e+06,6240,920,762,1
OANDO,avellaneda_stoikov,3,259634,-0.8548,6.5327,1.88045,576,3.51462e+06,1.75303e+06,1.76158e+06,6240,1001,762,1
OANDO,baseline,4,132765,5.6575,6.4388,3.05602,354,2.11917e+06,1.08787e+06,1.0313e+06,6240,872,712,1
OANDO,avellaneda_stoikov,4,262537,2.2349,5.9162,1.45246,580,3.53346e+06,1.77791e+06,1.75556e+06,6240,957,712,1
OANDO,baseline,5,181026,0.4732,4.6331,1.51388,343,2.29581e+06,1.15027e+06,1.14554e+06,6240,884,706,1
OANDO,avellaneda_stoikov,5,247644,-3.9727,4.8039,1.62028,554,3.51813e+06,1.7392e+06,1.77893e+06,6240,945,706,1
OANDO,baseline,6,132930,-7.8177,10.7318,3.22499,362,2.30901e+06,1.11542e+06,1.19359e+06,6240,915,738,1
OANDO,avellaneda_stoikov,6,264432,0.2053,6.1843,1.47159,574,3.63378e+06,1.81791e+06,1.81586e+06,6240,989,738,1
OANDO,baseline,7,110019,10.4392,13.0263,3.54502,370,2.30101e+06,1.2027e+06,1.09831e+06,6240,912,728,1
OANDO,avellaneda_stoikov,7,244739,0.2095,4.9223,1.31095,574,3.56299e+06,1.78254e+06,1.78045e+06,6240,981,728,1
OANDO,baseline,8,85238.8,3.5857,11.1904,3.02312,357,2.22602e+06,1.13094e+06,1.09508e+06,6240,885,736,1
OANDO,avellaneda_stoikov,8,302166,1.1647,8.816,2.19235,587,3.78153e+06,1.89659e+06,1.88494e+06,6240,971,736,1
OANDO,baseline,9,199875,5.3994,7.6122,1.81816,357,2.1673e+06,1.11065e+06,1.05665e+06,6240,851,690,1
OANDO,avellaneda_stoikov,9,249605,-2.1202,5.2343,1.59756,554,3.38809e+06,1.68344e+06,1.70464e+06,6240,917,690,1
OANDO,baseline,10,20094.2,-10.0133,13.512,4.52479,363,2.31310e+06,1.10649e+06,1.20662e+06,6240,902,724,1
OANDO,avellaneda_stoikov,10,294648,13.5317,14.5317,3.16778,596,3.81455e+06,1.97494e+06,1.83962e+06,6240,992,724,1
OANDO,baseline,11,152721,10.3831,10.5311,2.71575,336,2.12346e+06,1.11364e+06,1.00981e+06,6240,854,710,1
OANDO,avellaneda_stoikov,11,266078,0.5489,6.3079,1.6499,543,3.50383e+06,1.75466e+06,1.74917e+06,6240,921,710,1
OANDO,baseline,12,20833.4,6.9347,10.4638,2.27562,375,2.37015e+06,1.21975e+06,1.1504e+06,6240,916,741,1
OANDO,avellaneda_stoikov,12,174704,12.5668,12.7902,3.20176,589,3.73223e+06,1.92895e+06,1.80328e+06,6240,993,741,1
OANDO,baseline,13,116301,8.2853,9.8402,2.97956,338,2.2203e+06,1.15158e+06,1.06872e+06,6240,880,711,1
OANDO,avellaneda_stoikov,13,287857,3.7107,5.6868,1.54838,564,3.66800e+06,1.85256e+06,1.81545e+06,6240,961,711,1
OANDO,baseline,14,150457,-1.0361,8.4878,2.29133,328,1.8848e+06,937220,947581,6240,824,687,1
OANDO,avellaneda_stoikov,14,280669,-15.1721,16.7938,3.73679,543,3.22573e+06,1.537e+06,1.68872e+06,6240,893,687,1
OANDO,baseline,15,78405.3,3.2461,4.6017,1.26115,306,1.8897e+06,961081,928620,6240,790,652,1
OANDO,avellaneda_stoikov,15,214333,-6.4115,7.6826,1.8028,505,3.09948e+06,1.51768e+06,1.5818e+06,6240,859,652,1
OANDO,baseline,16,177778,0.8012,9.5027,2.97372,356,2.22336e+06,1.11568e+06,1.10767e+06,6240,927,756,1
OANDO,avellaneda_stoikov,16,251976,-4.1245,6.6154,1.94388,575,3.62551e+06,1.79213e+06,1.83338e+06,6240,1000,756,1
OANDO,baseline,17,140914,-1.0014,7.5276,1.69099,360,2.3307e+06,1.16034e+06,1.17036e+06,6240,849,683,1
OANDO,avellaneda_stoikov,17,291087,7.0017,7.3475,1.62966,570,3.63015e+06,1.85008e+06,1.78007e+06,6240,922,683,1
OANDO,baseline,18,187937,-0.0627,8.2126,2.61177,391,2.63039e+06,1.31488e+06,1.31551e+06,6240,930,727,1
OANDO,avellaneda_stoikov,18,246893,-3.856,10.4427,2.31771,574,3.74292e+06,1.85218e+06,1.89074e+06,6240,992,727,1
OANDO,baseline,19,167039,-0.9377,7.817,2.68242,353,2.26902e+06,1.12982e+06,1.1392e+06,6240,914,729,1
OANDO,avellaneda_stoikov,19,276427,12.7718,13.6777,2.64691,572,3.66658e+06,1.89715e+06,1.76943e+06,6240,994,729,1
OANDO,baseline,20,156590,-6.8129,8.1302,2.40343,364,2.28176e+06,1.10681e+06,1.17494e+06,6240,892,721,1
OANDO,avellaneda_stoikov,20,226449,1.4507,5.0513,1.5362,556,3.47412e+06,1.74432e+06,1.72981e+06,6240,946,721,1
OANDO,baseline,21,183814,-0.3506,13.6575,5.25722,358,2.17025e+06,1.08337e+06,1.08688e+06,6240,875,736,1
OANDO,avellaneda_stoikov,21,345839,6.4562,11.9354,2.91037,567,3.57313e+06,1.81884e+06,1.75428e+06,6240,958,736,1
OANDO,baseline,22,45816.1,9.7262,12.9546,3.18701,344,2.05384e+06,1.07555e+06,978290,6240,827,682,1
OANDO,avellaneda_stoikov,22,250939,1.173,5.8722,1.53021,550,3.28902e+06,1.65037e+06,1.63864e+06,6240,895,682,1
OANDO,baseline,23,194754,-7.995,10.8375,2.93333,377,2.4742e+06,1.19713e+06,1.27708e+06,6240,936,749,1
OANDO,avellaneda_stoikov,23,274442,1.4536,6.3252,1.45226,615,3.9368e+06,1.97567e+06,1.96113e+06,6240,1013,749,1
OANDO,baseline,24,99058.7,-6.8784,8.3746,2.51741,353,2.20429e+06,1.06775e+06,1.13654e+06,6240,908,740,1
OANDO,avellaneda_stoikov,24,313567,8.5055,12.0737,3.02687,594,3.6168e+06,1.85093e+06,1.76587e+06,6240,980,740,1
OANDO,baseline,25,161041,1.0679,8.9611,2.37403,331,2.17164e+06,1.09116e+06,1.08048e+06,6240,853,694,1
OANDO,avellaneda_stoikov,25,269681,5.6836,6.6768,1.42913,572,3.62152e+06,1.83918e+06,1.78234e+06,6240,930,694,1
OANDO,baseline,26,134096,1.361,4.7537,1.80184,384,2.46146e+06,1.23753e+06,1.22392e+06,6240,928,743,1
OANDO,avellaneda_stoikov,26,288178,3.3593,5.9102,1.48789,611,3.87458e+06,1.95409e+06,1.92049e+06,6240,1002,743,1
OANDO,baseline,27,178554,11.2179,18.8677,6.2176,362,2.29076e+06,1.20147e+06,1.08929e+06,6240,868,701,1
OANDO,avellaneda_stoikov,27,278129,-2.3424,6.1613,1.68938,559,3.48982e+06,1.7332e+06,1.75662e+06,6240,929,701,1
OANDO,baseline,28,207849,-8.2834,9.1901,3.45412,360,2.27148e+06,1.09432e+06,1.17716e+06,6240,902,737,1
OANDO,avellaneda_stoikov,28,284334,-2.1594,5.3781,1.37181,607,3.76492e+06,1.87166e+06,1.89326e+06,6240,981,737,1
OANDO,baseline,29,206027,-1.9458,9.9485,1.87758,391,2.45775e+06,1.21915e+06,1.23860e+06,6240,918,729,1
OANDO,avellaneda_stoikov,29,314278,-9.516,9.9091,1.80027,581,3.66723e+06,1.78603e+06,1.88119e+06,6240,986,729,1
OANDO,baseline,30,142459,-6.348,9.6349,2.23948,344,2.08948e+06,1.013e+06,1.07648e+06,6240,872,713,1
OANDO,avellaneda_stoikov,30,262189,-0.2024,7.3609,1.55645,562,3.46237e+06,1.73018e+06,1.7322e+06,6240,947,713,1
OANDO,baseline,31,41350.1,3.8574,10.6841,2.53298,362,2.29038e+06,1.16448e+06,1.12590e+06,6240,881,716,1
OANDO,avellaneda_stoikov,31,250621,0.7791,5.3865,1.5728,580,3.5765e+06,1.79215e+06,1.78436e+06,6240,946,716,1
OANDO,baseline,32,126629,2.4131,8.8908,3.03369,330,2.12788e+06,1.07601e+06,1.05188e+06,6240,862,707,1
OANDO,avellaneda_stoikov,32,259671,-8.1079,9.8495,2.02214,553,3.51294e+06,1.71593e+06,1.79701e+06,6240,939,707,1
OANDO,baseline,33,170281,-11.0635,13.1781,3.99717,339,2.06451e+06,976939,1.08757e+06,6240,836,701,1
OANDO,avellaneda_stoikov,33,232452,1.673,8.5275,1.93854,556,3.44783e+06,1.73228e+06,1.71555e+06,6240,913,701,1
OANDO,baseline,34,123822,0.4601,7.3598,1.96253,325,2.16212e+06,1.08336e+06,1.07876e+06,6240,860,701,1
OANDO,avellaneda_stoikov,34,253840,3.4321,5.3835,1.85463,550,3.56759e+06,1.80096e+06,1.76664e+06,6240,935,701,1
OANDO,baseline,35,141127,-3.6023,4.1049,1.55079,322,1.97367e+06,968824,1.00485e+06,6240,809,666,1
OANDO,avellaneda_stoikov,35,186065,-13.9277,14.5321,3.25916,510,3.12144e+06,1.49108e+06,1.63036e+06,6240,873,666,1
OANDO,baseline,36,176562,2.3342,4.4401,1.68738,365,2.31376e+06,1.16855e+06,1.14521e+06,6240,929,758,1
OANDO,avellaneda_stoikov,36,276475,7.4603,7.4603,1.83785,600,3.81456e+06,1.94458e+06,1.86998e+06,6240,1020,758,1
OANDO,baseline,37,205357,-3.4514,6.1239,2.31656,359,2.2765e+06,1.12099e+06,1.15550e+06,6240,885,717,1
OANDO,avellaneda_stoikov,37,262281,-3.3493,6.1219,1.5993,568,3.63699e+06,1.80175e+06,1.83524e+06,6240,956,717,1
OANDO,baseline,38,115973,8.1218,10.9762,4.45814,379,2.20257e+06,1.1419e+06,1.06068e+06,6240,899,731,1
OANDO,avellaneda_stoikov,38,276730,-2.3258,6.3498,1.46954,590,3.54745e+06,1.7621e+06,1.78536e+06,6240,974,731,1
OANDO,baseline,39,143470,-6.3254,9.0372,2.29698,343,2.15304e+06,1.04489e+06,1.10815e+06,6240,842,688,1
OANDO,avellaneda_stoikov,39,258302,5.3224,5.3224,1.44154,535,3.26032e+06,1.65677e+06,1.60355e+06,6240,896,688,1
OANDO,baseline,40,164307,5.6326,6.853,2.61019,346,2.24743e+06,1.15188e+06,1.09555e+06,6240,886,722,1
OANDO,avellaneda_stoikov,40,300893,5.8729,7.0933,1.54284,576,3.68102e+06,1.86987e+06,1.81114e+06,6240,959,722,1
OANDO,baseline,41,109719,1.1474,5.7181,2.83745,342,2.21594e+06,1.11371e+06,1.10223e+06,6240,832,667,1
OANDO,avellaneda_stoikov,41,235987,12.038,12.7458,2.8361,530,3.40749e+06,1.76393e+06,1.64355e+06,6240,898,667,1
OANDO,baseline,42,114165,-2.1707,11.181,2.74926,349,2.11247e+06,1.04538e+06,1.06709e+06,6240,874,724,1
OANDO,avellaneda_stoikov,42,258765,7.0696,7.7401,2.11624,570,3.52932e+06,1.80001e+06,1.72931e+06,6240,962,724,1
OANDO,baseline,43,124186,4.615,8.441,2.43266,394,2.42929e+06,1.23772e+06,1.19157e+06,6240,925,745,1
OANDO,avellaneda_stoikov,43,295121,7.3964,8.9287,2.50891,600,3.70643e+06,1.8902e+06,1.81623e+06,6240,984,745,1
OANDO,baseline,44,133877,3.8492,8.069,2.46799,364,2.32529e+06,1.18189e+06,1.1434e+06,6240,940,749,1
OANDO,avellaneda_stoikov,44,259735,-3.9014,4.7468,1.43531,609,3.80755e+06,1.88427e+06,1.92328e+06,6240,1015,749,1
OANDO,baseline,45,177617,1.9102,6.719,1.98751,326,2.09048e+06,1.05479e+06,1.03569e+06,6240,846,706,1
OANDO,avellaneda_stoikov,45,257226,-4.2377,7.489,1.76853,546,3.38813e+06,1.67288e+06,1.71525e+06,6240,914,706,1
OANDO,baseline,46,135432,14.928,17.7157,5.25518,363,2.33162e+06,1.24045e+06,1.09117e+06,6240,866,694,1
OANDO,avellaneda_stoikov,46,269794,4.4518,5.5622,1.56158,551,3.46946e+06,1.75699e+06,1.71247e+06,6240,921,694,1
OANDO,baseline,47,121895,5.1431,6.8044,3.02674,366,2.36528e+06,1.20835e+06,1.15692e+06,6240,895,724,1
OANDO,avellaneda_stoikov,47,251529,8.4367,10.8468,2.55526,583,3.67281e+06,1.87859e+06,1.79422e+06,6240,964,724,1
OANDO,baseline,48,131543,3.2739,8.1512,3.34748,362,2.40670e+06,1.21972e+06,1.18698e+06,6240,939,747,1
OANDO,avellaneda_stoikov,48,307383,-4.3025,6.0881,1.57445,597,3.90049e+06,1.92873e+06,1.97176e+06,6240,1023,747,1
OANDO,baseline,49,-42586.5,9.18,11.614,4.24366,328,2.12496e+06,1.10838e+06,1.01658e+06,6240,891,718,1
OANDO,avellaneda_stoikov,49,292084,-3.5111,8.6342,2.27883,578,3.70409e+06,1.83449e+06,1.8696e+06,6240,968,718,1
OANDO,baseline,50,186565,-0.0132,5.545,2.43773,377,2.31596e+06,1.15792e+06,1.15805e+06,6240,888,724,1
OANDO,avellaneda_stoikov,50,281245,-5.164,7.1229,1.97323,574,3.53671e+06,1.74254e+06,1.79418e+06,6240,957,724,1
LIVESTOCK,baseline,1,1367.06,4.4231,5.4231,1.83849,114,780325,412278,368047,6240,296,238,1
LIVESTOCK,avellaneda_stoikov,1,29759.7,0.9647,3.2848,1.03838,187,1.29678e+06,653216,643569,6240,323,238,1
LIVESTOCK,baseline,2,-30046.9,6.341,6.8607,2.68994,117,755548,409479,346069,6240,294,242,1
LIVESTOCK,avellaneda_stoikov,2,29695.3,1.5019,3.7629,1.20582,180,1.12643e+06,570726,555707,6240,313,242,1
LIVESTOCK,baseline,3,4225.38,1.4525,4.8588,1.52156,127,808109,411317,396792,6240,303,244,1
LIVESTOCK,avellaneda_stoikov,3,24770.1,0.3704,4.1095,1.06193,213,1.30966e+06,656684,652980,6240,319,244,1
LIVESTOCK,baseline,4,36.85,-4.5524,5.7488,1.30846,117,721974,338225,383749,6240,287,238,1
LIVESTOCK,avellaneda_stoikov,4,27856.7,-3.1413,7.4953,1.94747,192,1.16992e+06,569255,600668,6240,308,238,1
LIVESTOCK,baseline,5,20515,0.3235,5.1942,1.65062,133,832571,417903,414668,6240,333,266,1
LIVESTOCK,avellaneda_stoikov,5,31697,3.4575,4.8433,1.64449,220,1.36495e+06,699761,665186,6240,355,266,1
LIVESTOCK,baseline,6,9150.83,7.0711,8.0711,2.40319,114,746399,408555,337844,6240,308,255,1
LIVESTOCK,avellaneda_stoikov,6,25608.5,-6.4472,7.7997,2.13034,199,1.29627e+06,615901,680373,6240,339,255,1
LIVESTOCK,baseline,7,7315.53,0.2896,3.0963,1.40238,117,655002,328949,326053,6240,292,250,1
LIVESTOCK,avellaneda_stoikov,7,32718.6,-6.067,6.7528,1.8347,197,1.1569e+06,548115,608785,6240,312,250,1
LIVESTOCK,baseline,8,21712.2,-4.9281,6.6756,1.66551,130,854681,402700,451981,6240,293,237,1
LIVESTOCK,avellaneda_stoikov,8,13278.8,4.5943,7.8781,2.2157,196,1.27599e+06,660968,615025,6240,316,237,1
LIVESTOCK,baseline,9,3002.82,5.5702,7.2128,1.44133,133,924862,490282,434580,6240,342,261,1
LIVESTOCK,avellaneda_stoikov,9,33674.9,8.8201,10.5086,2.66972,202,1.35006e+06,719132,630931,6240,362,261,1
LIVESTOCK,baseline,10,275.28,-7.1288,10.2859,3.44724,128,785076,356894,428182,6240,304,252,1
LIVESTOCK,avellaneda_stoikov,10,28829.6,1.227,4.4171,1.31075,212,1.30097e+06,656622,644352,6240,327,252,1
LIVESTOCK,baseline,11,14697.9,0.7155,5.5791,1.57793,119,745443,376299,369144,6240,275,226,1
LIVESTOCK,avellaneda_stoikov,11,34125.5,6.0075,8.7131,2.07208,180,1.13289e+06,596483,536408,6240,299,226,1
LIVESTOCK,baseline,12,4821.36,7.504,8.4633,2.86221,117,814618,444829,369789,6240,284,229,1
LIVESTOCK,avellaneda_stoikov,12,18771,6.9609,8.2964,2.26599,187,1.26031e+06,664959,595350,6240,302,229,1
LIVESTOCK,baseline,13,15297.5,-1.2065,5.6938,1.89481,136,908953,448444,460509,6240,340,260,1
LIVESTOCK,avellaneda_stoikov,13,22342.3,5.2961,5.2961,1.37394,215,1.34083e+06,696894,643933,6240,357,260,1
LIVESTOCK,baseline,14,19832.4,6.8276,8.0139,2.40035,117,694734,381505,313229,6240,283,244,1
LIVESTOCK,avellaneda_stoikov,14,27060.1,-6.9719,6.9719,1.79449,193,1.15393e+06,542105,611824,6240,312,244,1
LIVESTOCK,baseline,15,8192.38,2.6684,4.1403,1.24019,145,905468,466076,439392,6240,341,275,1
LIVESTOCK,avellaneda_stoikov,15,30069,-5.2787,5.2787,1.50478,225,1.39945e+06,673332,726119,6240,360,275,1
LIVESTOCK,baseline,16,9333.12,-2.7122,4.96,1.13066,114,660936,316907,344029,6240,271,229,1
LIVESTOCK,avellaneda_stoikov,16,25359.3,-8.1821,8.1821,2.15648,179,1.06026e+06,489221,571042,6240,290,229,1
LIVESTOCK,baseline,17,15428.1,0.8207,2.3027,0.974111,120,768723,388465,380258,6240,296,235,1
LIVESTOCK,avellaneda_stoikov,17,26929.9,-15.5343,16.4093,3.90972,191,1.25648e+06,550571,705914,6240,326,235,1
LIVESTOCK,baseline,18,23062.2,4.7673,6.3233,1.60814,131,862329,455001,407328,6240,321,255,1
LIVESTOCK,avellaneda_stoikov,18,28879.9,9.1677,9.1677,1.96675,217,1.37073e+06,731202,639525,6240,350,255,1
LIVESTOCK,baseline,19,-5458.37,0.3312,5.9629,1.60587,97,611062,307187,303875,6240,280,232,1
LIVESTOCK,avellaneda_stoikov,19,25380,4.6603,5.4604,1.83971,181,1.14865e+06,597628,551025,6240,308,232,1
LIVESTOCK,baseline,20,6239.87,-1.4355,5.6809,1.9463,133,813469,399557,413912,6240,332,277,1
LIVESTOCK,avellaneda_stoikov,20,32075.6,-2.2682,4.4588,1.10642,234,1.47015e+06,723733,746415,6240,371,277,1
LIVESTOCK,baseline,21,4716.72,6.4208,6.9331,2.96464,123,642508,353358,289150,6240,285,250,1
LIVESTOCK,avellaneda_stoikov,21,26035.5,-1.2976,5.8635,1.87882,199,1.12454e+06,555782,568758,6240,314,250,1
LIVESTOCK,baseline,22,3932.09,6.0556,6.5633,1.46893,120,741650,401103,340547,6240,307,249,1
LIVESTOCK,avellaneda_stoikov,22,27689.8,-3.1409,4.3499,1.30717,200,1.23074e+06,599665,631074,6240,332,249,1
LIVESTOCK,baseline,23,9922.68,-7.3423,9.0697,3.01739,118,771591,349084,422507,6240,320,256,1
LIVESTOCK,avellaneda_stoikov,23,32092.8,4.027,7.4095,1.91904,204,1.28861e+06,664439,624169,6240,342,256,1
LIVESTOCK,baseline,24,10558.6,-0.2159,3.5283,1.4921,129,836373,417107,419266,6240,321,259,1
LIVESTOCK,avellaneda_stoikov,24,24584,5.4227,7.9771,1.86902,210,1.36498e+06,709604,655377,6240,357,259,1
LIVESTOCK,baseline,25,19559.1,-11.6254,11.8805,3.2614,108,662448,273097,389351,6240,279,236,1
LIVESTOCK,avellaneda_stoikov,25,25603.5,1.6218,4.2955,1.20427,187,1.19758e+06,606897,590679,6240,311,236,1
LIVESTOCK,baseline,26,1167.19,-5.9564,7.0424,1.96963,122,757706,349071,408635,6240,299,248,1
LIVESTOCK,avellaneda_stoikov,26,26997.8,-1.3851,3.1513,1.01812,203,1.3138e+06,649976,663827,6240,331,248,1
LIVESTOCK,baseline,27,8117.22,-0.5982,2.9509,1.32226,141,877314,435666,441648,6240,335,276,1
LIVESTOCK,avellaneda_stoikov,27,33640.8,-4.7073,8.018,1.97565,232,1.39745e+06,675187,722260,6240,357,276,1
LIVESTOCK,baseline,28,27253.7,-10.5315,12.3902,3.80753,126,823627,359156,464471,6240,304,248,1
LIVESTOCK,avellaneda_stoikov,28,38791.4,-6.3232,9.4936,2.52003,197,1.2466e+06,591682,654914,6240,324,248,1
LIVESTOCK,baseline,29,13196,2.1202,5.8475,1.69025,115,771782,396492,375290,6240,297,244,1
LIVESTOCK,avellaneda_stoikov,29,19903.4,1.5701,4.1222,1.44556,198,1.24206e+06,628880,613179,6240,324,244,1
LIVESTOCK,baseline,30,21947.1,3.9396,4.871,1.73325,141,924414,481905,442509,6240,328,267,1
LIVESTOCK,avellaneda_stoikov,30,36810.4,3.6016,4.3587,1.47547,219,1.41517e+06,725593,689577,6240,354,267,1
LIVESTOCK,baseline,31,-9629.72,6.517,6.8455,2.29127,105,687910,376540,311370,6240,268,221,1
LIVESTOCK,avellaneda_stoikov,31,25929.5,5.3575,6.3726,1.91438,173,1.09933e+06,576453,522878,6240,286,221,1
LIVESTOCK,baseline,32,5840.7,1.8285,4.9724,1.85705,117,737293,377789,359504,6240,309,252,1
LIVESTOCK,avellaneda_stoikov,32,26534.6,-0.8115,3.54,1.12085,192,1.2092e+06,600544,608659,6240,335,252,1
LIVESTOCK,baseline,33,-1052.12,-4.1829,5.8982,1.75064,120,782025,370098,411927,6240,297,246,1
LIVESTOCK,avellaneda_stoikov,33,19214.5,-3.9545,6.6773,2.06187,195,1.21701e+06,588733,628278,6240,323,246,1
LIVESTOCK,baseline,34,21326.8,2.1261,3.7033,1.00963,130,695637,358449,337188,6240,301,257,1
LIVESTOCK,avellaneda_stoikov,34,34314.2,-3.2965,4.4838,1.81122,193,1.15002e+06,558526,591491,6240,329,257,1
LIVESTOCK,baseline,35,3320.91,4.2524,5.4789,1.49499,128,820948,431736,389212,6240,303,243,1
LIVESTOCK,avellaneda_stoikov,35,26339.8,1.3333,3.7619,1.05688,194,1.21952e+06,616427,603094,6240,321,243,1
LIVESTOCK,baseline,36,-7314.91,-7.1603,8.3395,2.16513,123,787853,358125,429728,6240,323,265,1
LIVESTOCK,avellaneda_stoikov,36,27871.1,-0.3688,2.7128,1.04656,209,1.29248e+06,644396,648084,6240,349,265,1
LIVESTOCK,baseline,37,-3017.49,-2.6668,4.2677,0.876697,106,655520,314426,341094,6240,266,225,1
LIVESTOCK,avellaneda_stoikov,37,34504.3,10.3463,11.5808,2.82063,179,1.11042e+06,606942,503479,6240,287,225,1
LIVESTOCK,baseline,38,-1773.58,5.2411,7.2564,2.38864,119,799505,425958,373547,6240,314,253,1
LIVESTOCK,avellaneda_stoikov,38,22133.2,-4.7825,6.7825,1.7222,201,1.32757e+06,639873,687698,6240,346,253,1
LIVESTOCK,baseline,39,-1072.34,-3.4142,5.5569,2.02306,128,769192,367525,401667,6240,314,263,1
LIVESTOCK,avellaneda_stoikov,39,23689,8.0878,9.9717,2.32925,196,1.18181e+06,631346,550468,6240,327,263,1
LIVESTOCK,baseline,40,19773.4,-2.3379,4.9701,1.52007,128,812555,394588,417967,6240,285,230,1
LIVESTOCK,avellaneda_stoikov,40,32299.1,-0.1706,5.8591,1.92693,190,1.16475e+06,581520,583226,6240,304,230,1
LIVESTOCK,baseline,41,19906,-4.4604,6.4704,1.81004,102,618304,286850,331454,6240,267,219,1
LIVESTOCK,avellaneda_stoikov,41,22698.5,0.3582,4.4061,1.58038,172,1.08209e+06,542838,539256,6240,290,219,1
LIVESTOCK,baseline,42,14199.3,1.9596,3.5611,1.14334,117,765790,392693,373097,6240,300,244,1
LIVESTOCK,avellaneda_stoikov,42,28862.5,-0.2362,4.2381,1.25868,184,1.18898e+06,593307,595669,6240,318,244,1
LIVESTOCK,baseline,43,7916.27,2.6853,5.5465,1.39304,140,815301,421077,394224,6240,320,267,1
LIVESTOCK,avellaneda_stoikov,43,28148.3,-2.5579,3.5036,1.28148,200,1.21852e+06,596472,622051,6240,334,267,1
LIVESTOCK,baseline,44,13588.1,3.5455,4.4994,0.967067,130,840775,438115,402660,6240,292,236,1
LIVESTOCK,avellaneda_stoikov,44,31956.4,1.9491,6.0797,1.51975,204,1.32827e+06,673880,654389,6240,315,236,1
LIVESTOCK,baseline,45,22861.8,0.6531,3.725,1.25782,120,720013,363272,356741,6240,298,247,1
LIVESTOCK,avellaneda_stoikov,45,36080.8,-4.7062,5.5854,1.95478,191,1.21694e+06,584939,632001,6240,326,247,1
LIVESTOCK,baseline,46,14646.7,-5.1028,7.6914,3.82201,124,810620,379796,430824,6240,308,252,1
LIVESTOCK,avellaneda_stoikov,46,36995.9,0.2975,3.8039,1.1394,210,1.38128e+06,692127,689152,6240,345,252,1
LIVESTOCK,baseline,47,-4670.09,-3.1449,3.968,1.76845,103,609895,289223,320672,6240,261,221,1
LIVESTOCK,avellaneda_stoikov,47,27786.1,-0.5436,3.4431,1.26824,175,1.0901e+06,542332,547768,6240,287,221,1
LIVESTOCK,baseline,48,15349.5,-1.1774,3.509,1.20479,109,700724,344475,356249,6240,290,233,1
LIVESTOCK,avellaneda_stoikov,48,17813.5,-0.6754,5.7045,1.20919,182,1.08671e+06,539979,546733,6240,307,233,1
LIVESTOCK,baseline,49,10358.2,2.5064,4.0022,1.20488,112,720210,372637,347573,6240,273,220,1
LIVESTOCK,avellaneda_stoikov,49,15608.4,-3.5874,3.6606,1.34779,178,1.13241e+06,548267,584141,6240,290,220,1
LIVESTOCK,baseline,50,14718.9,-5.4472,5.9528,1.41794,95,615788,280658,335130,6240,271,231,1
LIVESTOCK,avellaneda_stoikov,50,20014.7,3.3083,7.0685,2.06005,166,1.00451e+06,518796,485713,6240,291,231,1
